id,name,kana,email,prefecture,birthday
1,吉永 雅宣,ヨシナガ マサノブ,eHqLYTWxY@sample.co.jp,愛知県,1977/12/31
2,二瓶 邦久,ニヘイ クニヒサ,DTo3ph@sample.com,高知県,1979/7/1
3,信田 絢子,シンダ アヤコ,uLuZtc@test.co.jp,埼玉県,1973/5/18
4,井上 竜,イネ リュウ,Ssi47_@example.net,三重県,1984/9/17
5,井戸 莉歩,イド リホ,jmBa9kIza@test.org,広島県,1978/5/19
6,大村 咲来,オオムラ サクラ,iKzKK@sample.com,沖縄県,1978/11/30
7,梅崎 覚,ウメザキ サトシ,VadCH@test.com,群馬県,1991/4/26
8,柿崎 尚生,カキザキ ヒサオ,tpFVum@example.co.jp,埼玉県,1999/4/14
9,浅利 美央,アサリ ミオ,oSNjw@example.com,長野県,2008/1/4
10,若井 義之,ワカイ ヨシユキ,o8jOra7QB@example.co.jp,佐賀県,1994/10/26
11,大黒 歩美,オオグロ アユミ,rgDC570o@example.co.jp,滋賀県,1996/12/21
12,小木曽 忠夫,オギソ タダオ,RAchmfSk@test.co.jp,石川県,1972/6/5
13,白岩 一男,シライワ カズオ,PXQy2OnF@test.com,茨城県,1971/7/8
14,井藤 政昭,イトウ マサアキ,oGSLNV@example.jp,熊本県,2010/7/15
15,今田 春江,イマダ ハルエ,LVJeP@sample.org,青森県,2017/12/15
16,猪俣 奈穂,イノマタ ナホ,wBPDsMmXr@sample.net,香川県,2014/7/30
17,金城 節男,カナキ セツオ,HjyAOSFmMt@test.co.jp,千葉県,1985/8/12
18,南雲 猛,ナグモ タケシ,VarFOKMp0@test.co.jp,福井県,1990/4/9
19,金川 和弥,キンカワ カズヤ,GcNp_I6r8@test.com,奈良県,1984/7/29
20,新城 利子,アラキ トシコ,D0XVzm6t@sample.com,鹿児島県,1981/1/2
21,諏訪 國吉,スワ クニヨシ,lq1iw5Ek@sample.org,鳥取県,2013/3/23
22,塩見 一司,シオミ カズシ,e70W6@sample.com,佐賀県,1996/7/7
23,粕谷 小枝子,カシタニ サエコ,TXYpxN@example.co.jp,静岡県,1977/3/23
24,若狭 栄一郎,ワカサ エイイチロウ,Uajj0Wm0@test.net,滋賀県,1993/9/24
25,清川 道春,キヨカワ ミチハル,yWFm0SQn@example.jp,山梨県,1992/4/3
26,上島 美幸,ウエジマ ミユキ,jgHbuw@example.jp,岩手県,2004/9/8
27,上山 菜々美,ウエヤマ ナナミ,X9JzarLui@test.net,栃木県,2013/8/25
28,古家 聖,コイエ ヒジリ,MzGf5EGkAM@example.jp,千葉県,2010/5/10
29,福崎 文昭,フクザキ フミアキ,xJMkXffYH@sample.org,山梨県,2017/6/27
30,伊原 潤,イハラ ジュン,yyqIe@sample.com,広島県,1985/2/1
31,目黒 彰,メグロ アキラ,jwW2DpjuO@example.com,沖縄県,1995/1/1
32,深見 文平,タカミ ブンペイ,jnu6VNVTRY@sample.co.jp,岩手県,1975/1/1
33,香月 誠一郎,カゲツ セイイチロウ,lMzSGyrdK@sample.net,香川県,1979/4/28
34,木崎 多紀,キザキ タキ,iZvK08@test.jp,三重県,1993/2/22
35,安部 智博,アベ トモヒロ,pB32Z8@sample.net,青森県,1972/8/31
36,鳥井 桜子,トリイ サクラコ,ScBgxU@example.org,宮城県,2019/7/10
37,内野 朱莉,ウチノ アカリ,WeJrrj@example.net,大阪府,2006/11/22
38,山野 奈緒,ヤマノ ナオ,cDS5e1Yg@sample.jp,神奈川県,2017/7/23
39,田尻 真幸,タジリ マサキ,PtHrwi@example.co.jp,大阪府,1983/6/8
40,飯野 大地,イイノ ダイチ,jp3G34kN@example.jp,山梨県,1983/8/21
41,大崎 栄子,オオサキ エイコ,f139s@test.co.jp,滋賀県,1976/1/28
42,梶原 結芽,カヂハラ ユメ,X_SkE09@example.jp,香川県,1986/1/23
43,谷 幸三,コク コウゾウ,K36fg06K@test.com,千葉県,1982/4/24
44,石津 利佳,イシヅ リカ,Ee8nBlT@test.co.jp,埼玉県,2009/1/24
45,小坂 美樹,オサカ ミキ,ukiYI@example.org,宮城県,1972/9/5
46,安東 晃子,アンドウ アキコ,qihJsg3DS@test.jp,愛知県,1976/5/28
47,根津 雅樹,ネヅ マサキ,qIir4@sample.co.jp,熊本県,1970/9/19
48,高森 成光,タカモリ ナルミツ,kzbVOR03y@test.net,福井県,2010/6/10
49,今田 麗奈,イマダ レナ,CI1DCYusRt@test.com,長野県,1988/5/26
50,保田 利津子,ホダ リツコ,Ad2Z6@sample.jp,愛知県,2006/12/4
51,松倉 柑奈,マツクラ カンナ,sDzNJtnT5@example.com,京都府,2004/1/31
52,島野 美和子,シマノ ミワコ,V11Wo@sample.com,千葉県,1977/2/9
53,新村 義之,アラムラ ヨシユキ,DeiY5cDZua@example.co.jp,新潟県,2008/2/9
54,本村 勝男,ホンムラ カツオ,aHYby5kXnQ@test.org,鳥取県,1993/7/30
55,東谷 譲,トウヤ ユズル,rL5Lae9ABh@example.co.jp,岡山県,2012/1/3
56,柳田 真幸,ヤギダ マサキ,ldVlRK@sample.jp,茨城県,1998/6/7
57,木場 遙香,キバ ハルカ,hLJyWEE@test.net,東京都,2020/4/27
58,西原 心,ニシハラ ココロ,y84xR@example.co.jp,和歌山県,1988/10/22
59,丹治 友菜,タジ ユウナ,e5Y9iSHY8@test.net,岐阜県,1993/11/3
60,今田 小枝子,イマダ サエコ,OsEjM_K@sample.jp,千葉県,1986/12/23
61,海老沢 幸恵,エビサワ ユキエ,Mm9v49z@sample.jp,佐賀県,2010/10/12
62,竹川 由夫,タケカワ ヨシオ,V0FgLH_8A@sample.co.jp,宮崎県,2007/11/9
63,篠塚 雪乃,シノヅカ ユキノ,XqQGJocCog@test.net,愛知県,1992/5/19
64,植木 裕次郎,ウエキ ユウジロウ,cNGGe50Ofa@example.jp,山形県,2000/2/1
65,金井 結奈,カナイ ユウナ,Tc6SpAbn@test.co.jp,栃木県,1999/9/13
66,臼田 光男,ウスダ ミツオ,hsb3kCF@sample.co.jp,北海道,1989/10/5
67,藤永 正弘,フジナガ マサヒロ,cehRGVKQjm@example.jp,新潟県,2004/10/20
68,一色 春江,ヒイロ ハルエ,BbOGYjekRt@example.jp,大分県,2017/5/21
69,有村 重夫,アリムラ シゲオ,gwdAj50WFU@sample.net,山形県,2012/3/24
70,沖野 金治,オキノ キンジ,pFB3CNbb82@sample.jp,群馬県,2000/6/28
71,須藤 浩,ストウ ヒロシ,CzGE8_R0xc@test.co.jp,山口県,2008/5/15
72,大里 瑞穂,オオサト ミズホ,g8KuwAB@test.com,島根県,1993/8/4
73,石倉 佐登子,イシクラ サトコ,PzaXHJ@example.co.jp,岡山県,1984/8/8
74,依田 美紅,イダ ミク,csnp2_lz@sample.org,和歌山県,2002/4/12
75,江尻 郁子,エジリ イクコ,QQSTpDqXAU@example.com,大分県,1995/4/10
76,藤川 利恵,フジカワ リエ,M11mv@example.org,福岡県,1983/7/30
77,鳥羽 音羽,トリハ オトハ,pH2cqUfF@sample.com,山口県,2000/12/10
78,城間 広史,グスクマ ヒロシ,yaOBtY9vp@sample.org,岐阜県,2018/6/15
79,北 若菜,キタ ワカナ,hsjodW8Xs@sample.net,長崎県,2008/1/17
80,荒巻 善之,アラマキ ヨシユキ,WqWzqza@sample.co.jp,長野県,1998/11/4
81,江川 敏彦,エガワ トシヒコ,ybUsFPoDss@example.jp,佐賀県,1977/12/9
82,坂巻 成美,サカマキ ナルミ,qQHUBxm6@example.com,山形県,2013/11/2
83,古瀬 健,コセ ケン,TNY1Uc76@example.jp,三重県,2013/9/23
84,田原 昌,タハラ マサシ,G1E1J@test.co.jp,長崎県,2002/2/13
85,杉岡 楓,スギオカ カエデ,PNkFST@example.co.jp,静岡県,2005/12/31
86,宮越 梨緒,ミヤコシ リオ,Ryiw1mVgv@test.com,岡山県,1974/8/27
87,古野 瞳,コノ ヒトミ,D5geMEIHrs@example.org,栃木県,2008/8/14
88,角田 瑠菜,ツノダ ルナ,fLXM01@example.org,沖縄県,2010/12/26
89,越智 厚吉,コチ コウキチ,EO5O2IjczS@sample.net,埼玉県,2020/5/2
90,小塚 陽治,オヅカ ヨウジ,DVGfXl@example.net,岩手県,1971/12/14
91,猪野 菜帆,イノ ナホ,XHczKg74@test.org,静岡県,1973/11/30
92,木内 藤子,キウチ フジコ,W5Acn@test.co.jp,鳥取県,2003/8/7
93,野崎 喜晴,ノザキ ヨシハル,V_uN36U2F@sample.jp,北海道,2016/7/25
94,関野 重彦,セキノ シゲヒコ,iKyIj@test.org,広島県,1971/5/3
95,山下 彩菜,ヤマシタ アヤナ,dDIOF@sample.org,大阪府,2013/8/11
96,田宮 春佳,タミヤ ハルカ,VhL4Qt@sample.co.jp,愛媛県,1977/4/8
97,深山 香凛,フカヤマ カリン,rvzezc@sample.jp,埼玉県,2018/12/1
98,江上 花凛,エガミ カリン,g5M0W3L@example.co.jp,長崎県,2014/3/20
99,外山 里香,ソトヤマ リカ,rdzzk@test.net,福井県,1974/1/17
100,谷村 香苗,タニムラ カナエ,rkGmJOyiRa@test.com,佐賀県,2013/9/25